sno,name,mail,phonenumber,branch,year,hr_score,hr_completion,lc_easy,lc_medium,lc_hard,lc_total,cc_rating,cc_stars,cc_country_rank,cc_global_rank,cc_highest_rating,maya,maya_score,maya_rank,gfg_score,gfg_problems,github_profile,linkedin_profile
1,Student_1,student1@example.com,9565820308,CSE,4,46,43,128,25,5,161,1279,2,790,15684,1924,Yes,57,52,25,3,https://github.com/student1,https://linkedin.com/in/student1
2,Student_2,student2@example.com,9187851222,ECE,1,14,52,54,86,30,81,925,3,3143,57464,831,No,21,152,120,49,https://github.com/student2,https://linkedin.com/in/student2
3,Student_3,student3@example.com,9256769619,CSE,2,44,2,65,149,30,46,1473,3,3981,27961,2201,Yes,46,391,18,54,https://github.com/student3,https://linkedin.com/in/student3
4,Student_4,student4@example.com,9228209863,CSE,4,88,85,128,190,8,368,1215,1,1612,22073,2261,No,78,411,100,207,https://github.com/student4,https://linkedin.com/in/student4
5,Student_5,student5@example.com,9956836647,ECE,2,72,68,168,67,14,10,1033,2,3985,4790,1348,No,87,313,90,286,https://github.com/student5,https://linkedin.com/in/student5
6,Student_6,student6@example.com,9243104559,ECE,1,91,95,41,42,30,258,2070,4,377,68235,2260,No,66,428,99,298,https://github.com/student6,https://linkedin.com/in/student6
7,Student_7,student7@example.com,9349523911,ECE,1,71,24,194,143,13,153,1686,1,1658,86274,834,No,86,323,189,107,https://github.com/student7,https://linkedin.com/in/student7
8,Student_8,student8@example.com,9616307635,IT,2,62,41,93,80,37,266,1466,3,4468,57777,2046,No,16,317,17,228,https://github.com/student8,https://linkedin.com/in/student8
9,Student_9,student9@example.com,9953935756,ECE,3,9,37,36,56,17,180,1045,4,880,30576,1101,No,46,76,73,208,https://github.com/student9,https://linkedin.com/in/student9
10,Student_10,student10@example.com,9876384683,MECH,2,27,51,129,23,0,77,1249,3,3827,6927,1753,Yes,89,60,23,213,https://github.com/student10,https://linkedin.com/in/student10
11,Student_11,student11@example.com,9610803096,MECH,4,89,45,42,115,46,155,2328,5,3791,73527,1243,No,67,375,99,163,https://github.com/student11,https://linkedin.com/in/student11
12,Student_12,student12@example.com,9627353656,MECH,1,43,32,54,39,26,196,948,4,258,71818,851,No,27,441,69,116,https://github.com/student12,https://linkedin.com/in/student12
13,Student_13,student13@example.com,9242898498,IT,3,83,34,119,63,27,278,2209,1,1425,18606,1431,Yes,32,67,32,39,https://github.com/student13,https://linkedin.com/in/student13
14,Student_14,student14@example.com,9735675969,ECE,3,75,39,152,55,12,378,1397,1,2164,15271,1361,No,16,227,143,157,https://github.com/student14,https://linkedin.com/in/student14
15,Student_15,student15@example.com,9288676349,CSE,2,20,16,32,84,44,379,1126,5,3689,61769,2388,Yes,45,268,116,46,https://github.com/student15,https://linkedin.com/in/student15
16,Student_16,student16@example.com,9189751852,CIVIL,4,14,9,84,58,1,110,1297,3,4841,70370,2566,Yes,70,94,84,246,https://github.com/student16,https://linkedin.com/in/student16
17,Student_17,student17@example.com,9925244764,CSE,1,49,33,169,178,8,399,2411,2,1996,5279,1641,Yes,71,259,91,96,https://github.com/student17,https://linkedin.com/in/student17
18,Student_18,student18@example.com,9807010889,CSE,3,52,13,21,41,9,83,1830,1,2549,17425,2218,No,71,482,164,4,https://github.com/student18,https://linkedin.com/in/student18
19,Student_19,student19@example.com,9169546608,CIVIL,3,74,46,175,199,5,52,1172,1,1346,2820,1505,Yes,17,358,94,218,https://github.com/student19,https://linkedin.com/in/student19
20,Student_20,student20@example.com,9422557483,IT,4,10,90,14,198,6,25,1920,3,2071,14548,1666,No,26,395,180,229,https://github.com/student20,https://linkedin.com/in/student20
21,Student_21,student21@example.com,9241191300,CSE,2,12,0,133,152,27,213,931,5,4804,15266,1335,No,97,348,141,264,https://github.com/student21,https://linkedin.com/in/student21
22,Student_22,student22@example.com,9627961473,CIVIL,2,34,92,66,54,15,42,2268,2,4990,88591,1606,No,63,147,159,157,https://github.com/student22,https://linkedin.com/in/student22
23,Student_23,student23@example.com,9450617858,CIVIL,3,75,36,89,102,31,297,882,2,46,4231,1174,No,42,169,112,227,https://github.com/student23,https://linkedin.com/in/student23
24,Student_24,student24@example.com,9836965550,IT,3,9,45,176,74,31,339,1700,3,2676,71647,2061,Yes,20,137,101,70,https://github.com/student24,https://linkedin.com/in/student24
25,Student_25,student25@example.com,9708976545,MECH,3,25,80,76,158,2,129,849,5,2989,39459,2093,Yes,3,2,179,26,https://github.com/student25,https://linkedin.com/in/student25
26,Student_26,student26@example.com,9676404664,CIVIL,2,70,64,15,47,50,92,1304,2,3676,58517,2062,Yes,57,389,6,52,https://github.com/student26,https://linkedin.com/in/student26
27,Student_27,student27@example.com,9215897070,ECE,3,20,70,183,2,50,24,1621,3,4727,19121,1882,No,77,192,19,273,https://github.com/student27,https://linkedin.com/in/student27
28,Student_28,student28@example.com,9865662748,ECE,1,95,97,7,187,0,175,1432,2,816,6789,1061,No,15,135,130,92,https://github.com/student28,https://linkedin.com/in/student28
29,Student_29,student29@example.com,9521183665,ECE,2,20,6,77,182,5,360,834,4,2734,67634,2350,No,76,384,170,245,https://github.com/student29,https://linkedin.com/in/student29
30,Student_30,student30@example.com,9420038337,IT,3,68,54,57,85,50,170,2442,3,2542,63124,887,No,93,170,1,143,https://github.com/student30,https://linkedin.com/in/student30
31,Student_31,student31@example.com,9497646442,CSE,4,42,3,54,89,2,54,1633,1,3407,99814,2117,No,92,81,174,110,https://github.com/student31,https://linkedin.com/in/student31
32,Student_32,student32@example.com,9597373725,IT,3,1,9,139,5,9,358,1573,3,4424,93976,1333,Yes,42,94,112,208,https://github.com/student32,https://linkedin.com/in/student32
33,Student_33,student33@example.com,9415103981,CSE,2,21,43,36,123,4,249,1791,4,3487,62170,1039,Yes,89,282,162,296,https://github.com/student33,https://linkedin.com/in/student33
34,Student_34,student34@example.com,9399742529,CIVIL,1,67,23,55,20,31,242,1068,4,2129,71517,1644,No,59,160,192,197,https://github.com/student34,https://linkedin.com/in/student34
35,Student_35,student35@example.com,9919948510,IT,2,79,92,82,188,23,343,2269,2,115,33970,975,No,37,331,97,35,https://github.com/student35,https://linkedin.com/in/student35
36,Student_36,student36@example.com,9896897483,ECE,4,81,75,54,193,41,262,1603,1,3957,70426,2067,Yes,56,319,108,188,https://github.com/student36,https://linkedin.com/in/student36
37,Student_37,student37@example.com,9978969820,MECH,4,82,19,67,127,12,398,2274,2,1117,30992,1695,No,16,476,189,62,https://github.com/student37,https://linkedin.com/in/student37
38,Student_38,student38@example.com,9290150364,IT,1,79,26,29,147,13,363,2364,4,848,17649,1928,Yes,36,421,99,85,https://github.com/student38,https://linkedin.com/in/student38
39,Student_39,student39@example.com,9292421525,CSE,1,89,48,91,145,11,141,1779,5,1968,37912,1067,No,70,297,170,126,https://github.com/student39,https://linkedin.com/in/student39
40,Student_40,student40@example.com,9314402322,IT,3,86,65,31,21,36,387,2370,5,2176,61877,1748,No,41,42,54,163,https://github.com/student40,https://linkedin.com/in/student40
41,Student_41,student41@example.com,9343490287,CSE,4,15,26,43,70,47,130,2031,5,1920,11948,2071,No,63,419,68,281,https://github.com/student41,https://linkedin.com/in/student41
42,Student_42,student42@example.com,9175779155,CSE,2,57,18,45,88,26,371,2397,3,2070,47855,1367,No,97,93,99,148,https://github.com/student42,https://linkedin.com/in/student42
43,Student_43,student43@example.com,9947647313,IT,3,4,34,152,116,6,392,878,3,3556,13127,1819,No,96,156,42,214,https://github.com/student43,https://linkedin.com/in/student43
44,Student_44,student44@example.com,9314045637,ECE,4,60,9,5,157,3,243,1447,1,1423,350,1157,No,32,175,107,278,https://github.com/student44,https://linkedin.com/in/student44
45,Student_45,student45@example.com,9394435754,MECH,3,57,41,84,41,30,347,1516,5,2336,72690,2071,No,77,233,43,14,https://github.com/student45,https://linkedin.com/in/student45
46,Student_46,student46@example.com,9329320352,MECH,2,76,38,76,155,38,370,870,5,889,66575,1522,No,58,104,47,109,https://github.com/student46,https://linkedin.com/in/student46
47,Student_47,student47@example.com,9520708610,CIVIL,4,62,63,131,75,39,142,2192,1,4562,16944,2020,Yes,54,1,198,75,https://github.com/student47,https://linkedin.com/in/student47
48,Student_48,student48@example.com,9730415121,CIVIL,4,28,76,173,42,46,167,1174,3,663,4450,1303,No,6,247,60,100,https://github.com/student48,https://linkedin.com/in/student48
49,Student_49,student49@example.com,9585935424,CIVIL,3,92,94,145,181,0,284,2275,3,1084,59075,2416,Yes,10,343,66,256,https://github.com/student49,https://linkedin.com/in/student49
50,Student_50,student50@example.com,9442685652,CSE,1,30,33,75,191,46,166,1126,4,1613,58115,931,Yes,5,335,126,28,https://github.com/student50,https://linkedin.com/in/student50
51,Student_51,student51@example.com,9403651616,CIVIL,3,16,47,108,182,43,86,1131,3,4235,60347,1620,No,91,47,188,86,https://github.com/student51,https://linkedin.com/in/student51
52,Student_52,student52@example.com,9113367328,IT,3,30,62,179,13,21,277,1445,3,536,27978,2495,Yes,33,11,183,239,https://github.com/student52,https://linkedin.com/in/student52
53,Student_53,student53@example.com,9482760554,CSE,2,60,21,22,10,32,265,1494,5,3136,65212,2056,Yes,98,365,187,139,https://github.com/student53,https://linkedin.com/in/student53
54,Student_54,student54@example.com,9112606689,CSE,4,21,78,109,46,36,222,1817,4,4259,86261,2151,No,5,218,182,218,https://github.com/student54,https://linkedin.com/in/student54
55,Student_55,student55@example.com,9823650432,MECH,3,98,68,75,111,46,96,1962,2,307,68858,1188,Yes,50,153,156,26,https://github.com/student55,https://linkedin.com/in/student55
56,Student_56,student56@example.com,9711699731,IT,3,64,42,184,15,19,286,1583,5,343,69523,1974,No,91,198,37,191,https://github.com/student56,https://linkedin.com/in/student56
57,Student_57,student57@example.com,9981052259,IT,2,74,49,199,104,28,336,1096,3,923,69263,2055,Yes,43,260,126,258,https://github.com/student57,https://linkedin.com/in/student57
58,Student_58,student58@example.com,9580177278,CSE,3,32,47,123,68,1,384,1397,1,2778,33655,2556,Yes,32,237,142,33,https://github.com/student58,https://linkedin.com/in/student58
59,Student_59,student59@example.com,9829145835,CSE,1,41,30,62,34,33,318,827,3,1523,7167,2368,No,63,106,23,264,https://github.com/student59,https://linkedin.com/in/student59
60,Student_60,student60@example.com,9960601309,IT,1,7,32,8,185,49,313,956,5,1994,21445,1140,Yes,20,388,61,104,https://github.com/student60,https://linkedin.com/in/student60
61,Student_61,student61@example.com,9571878461,ECE,4,44,81,175,0,6,387,1471,1,2389,35952,1802,Yes,2,204,122,142,https://github.com/student61,https://linkedin.com/in/student61
62,Student_62,student62@example.com,9818731642,CIVIL,2,98,76,95,177,39,26,1884,4,3658,50523,2339,No,25,406,175,203,https://github.com/student62,https://linkedin.com/in/student62
63,Student_63,student63@example.com,9596162960,MECH,2,47,81,183,158,18,236,834,3,1969,32374,1842,No,14,384,29,53,https://github.com/student63,https://linkedin.com/in/student63
64,Student_64,student64@example.com,9469616711,CSE,2,58,7,68,158,22,325,2271,5,3080,1853,1761,Yes,41,364,70,235,https://github.com/student64,https://linkedin.com/in/student64
65,Student_65,student65@example.com,9289208304,CSE,2,25,80,155,146,38,243,2208,1,2791,46723,2427,No,22,79,88,202,https://github.com/student65,https://linkedin.com/in/student65
66,Student_66,student66@example.com,9300056453,CSE,4,39,2,58,107,48,233,2041,5,1022,16081,1603,Yes,19,214,147,300,https://github.com/student66,https://linkedin.com/in/student66
67,Student_67,student67@example.com,9933840442,CSE,4,78,54,129,88,32,238,2235,3,4816,61637,2185,No,28,398,189,287,https://github.com/student67,https://linkedin.com/in/student67
68,Student_68,student68@example.com,9883333631,MECH,2,43,0,78,22,36,72,1253,1,1148,52140,1279,No,25,348,56,34,https://github.com/student68,https://linkedin.com/in/student68
69,Student_69,student69@example.com,9121641139,ECE,4,42,71,62,5,6,390,2061,2,4697,54297,1952,No,98,472,50,143,https://github.com/student69,https://linkedin.com/in/student69
70,Student_70,student70@example.com,9761119411,ECE,4,65,81,125,54,49,113,2461,4,630,4440,1607,Yes,15,8,190,52,https://github.com/student70,https://linkedin.com/in/student70
71,Student_71,student71@example.com,9867587585,CIVIL,4,29,87,34,185,28,140,1690,4,949,97545,2373,Yes,16,456,94,173,https://github.com/student71,https://linkedin.com/in/student71
72,Student_72,student72@example.com,9751407164,IT,2,60,13,9,150,27,266,1784,1,629,39300,1187,Yes,7,403,11,172,https://github.com/student72,https://linkedin.com/in/student72
73,Student_73,student73@example.com,9373397959,CSE,2,24,85,147,127,29,150,1963,1,3576,78479,1216,Yes,24,139,188,105,https://github.com/student73,https://linkedin.com/in/student73
74,Student_74,student74@example.com,9760604156,CSE,3,95,53,78,134,10,5,1565,4,4546,82115,2309,Yes,36,74,49,226,https://github.com/student74,https://linkedin.com/in/student74
75,Student_75,student75@example.com,9399407596,CSE,4,42,50,160,106,21,27,1001,1,4032,78851,1411,No,29,458,84,100,https://github.com/student75,https://linkedin.com/in/student75
76,Student_76,student76@example.com,9742256786,MECH,4,61,34,28,164,8,53,2014,5,4154,58711,1198,Yes,1,359,52,177,https://github.com/student76,https://linkedin.com/in/student76
77,Student_77,student77@example.com,9888618508,CIVIL,4,41,42,36,193,34,151,2043,1,1262,51767,1096,No,4,126,110,199,https://github.com/student77,https://linkedin.com/in/student77
78,Student_78,student78@example.com,9274243844,CIVIL,3,42,52,17,136,9,233,1917,5,4853,31812,2305,Yes,28,202,56,128,https://github.com/student78,https://linkedin.com/in/student78
79,Student_79,student79@example.com,9118040216,IT,3,60,61,95,139,33,387,1545,3,942,95221,857,No,39,13,33,277,https://github.com/student79,https://linkedin.com/in/student79
80,Student_80,student80@example.com,9842823394,ECE,1,77,48,105,170,6,317,1302,2,929,14532,1084,Yes,50,428,34,47,https://github.com/student80,https://linkedin.com/in/student80
81,Student_81,student81@example.com,9491670969,IT,3,49,47,116,76,1,251,2465,3,3304,3004,1977,No,56,429,4,113,https://github.com/student81,https://linkedin.com/in/student81
82,Student_82,student82@example.com,9283130988,CSE,4,98,9,80,184,8,324,804,3,4769,54156,1795,Yes,100,51,14,260,https://github.com/student82,https://linkedin.com/in/student82
83,Student_83,student83@example.com,9704723499,ECE,3,27,89,39,78,26,318,1654,1,747,46522,2527,No,4,317,32,149,https://github.com/student83,https://linkedin.com/in/student83
84,Student_84,student84@example.com,9364550106,ECE,2,6,91,12,42,27,395,2042,4,2557,54623,1683,No,17,92,30,199,https://github.com/student84,https://linkedin.com/in/student84
85,Student_85,student85@example.com,9652923374,IT,3,31,5,86,178,26,217,2299,1,745,41346,2043,Yes,90,254,187,178,https://github.com/student85,https://linkedin.com/in/student85
86,Student_86,student86@example.com,9999943580,CSE,2,24,41,43,62,6,361,1519,4,3033,80700,1694,No,58,144,42,62,https://github.com/student86,https://linkedin.com/in/student86
87,Student_87,student87@example.com,9262896137,CIVIL,2,76,12,77,16,9,16,882,4,1479,47436,2105,Yes,82,264,92,195,https://github.com/student87,https://linkedin.com/in/student87
88,Student_88,student88@example.com,9165242427,IT,1,41,49,153,172,3,220,1088,5,4416,2381,2195,Yes,34,71,113,274,https://github.com/student88,https://linkedin.com/in/student88
89,Student_89,student89@example.com,9971740554,CSE,3,56,66,79,167,23,339,1210,3,684,34902,861,Yes,30,138,191,102,https://github.com/student89,https://linkedin.com/in/student89
90,Student_90,student90@example.com,9217088750,CIVIL,2,80,51,117,88,40,232,2122,2,2443,70596,1698,Yes,14,151,164,87,https://github.com/student90,https://linkedin.com/in/student90
91,Student_91,student91@example.com,9229947310,CSE,1,2,64,33,129,43,28,2194,1,787,18977,1606,No,11,119,11,99,https://github.com/student91,https://linkedin.com/in/student91
92,Student_92,student92@example.com,9626209882,MECH,1,4,46,138,15,30,241,1883,1,3156,48908,2013,No,56,129,111,296,https://github.com/student92,https://linkedin.com/in/student92
93,Student_93,student93@example.com,9953130937,MECH,1,80,87,64,160,27,307,1319,1,1183,1035,1065,No,86,496,150,215,https://github.com/student93,https://linkedin.com/in/student93
94,Student_94,student94@example.com,9702340244,MECH,1,0,55,11,91,36,119,1039,2,4151,5483,2091,No,70,295,63,24,https://github.com/student94,https://linkedin.com/in/student94
95,Student_95,student95@example.com,9859504840,MECH,4,81,47,4,150,29,238,2231,1,1415,35107,1969,No,60,246,29,199,https://github.com/student95,https://linkedin.com/in/student95
96,Student_96,student96@example.com,9908131656,MECH,2,91,67,6,2,3,362,2430,5,2285,34442,1863,Yes,76,297,179,196,https://github.com/student96,https://linkedin.com/in/student96
97,Student_97,student97@example.com,9529891617,CIVIL,2,24,35,70,171,43,26,1429,3,482,76445,1374,No,80,193,46,287,https://github.com/student97,https://linkedin.com/in/student97
98,Student_98,student98@example.com,9919094301,ECE,1,38,84,157,109,30,343,892,1,3073,35225,2213,Yes,9,399,121,225,https://github.com/student98,https://linkedin.com/in/student98
99,Student_99,student99@example.com,9330208620,CIVIL,2,95,31,43,27,20,152,969,4,1155,19954,1798,Yes,57,322,45,88,https://github.com/student99,https://linkedin.com/in/student99
100,Student_100,student100@example.com,9524994647,CSE,4,84,63,141,178,11,228,2306,4,3400,22318,859,No,53,130,100,75,https://github.com/student100,https://linkedin.com/in/student100
101,Student_101,student101@example.com,9451973604,MECH,4,57,25,4,1,12,32,2093,1,128,37858,1025,No,37,432,103,233,https://github.com/student101,https://linkedin.com/in/student101
102,Student_102,student102@example.com,9104612077,IT,1,77,76,196,68,36,69,1481,4,3305,39061,1896,Yes,21,151,83,60,https://github.com/student102,https://linkedin.com/in/student102
103,Student_103,student103@example.com,9779028882,CIVIL,4,9,29,170,183,42,164,1368,1,4423,14475,1169,No,5,20,5,83,https://github.com/student103,https://linkedin.com/in/student103
104,Student_104,student104@example.com,9761096058,ECE,4,95,18,48,12,36,308,2133,3,2407,45065,2056,No,13,447,15,216,https://github.com/student104,https://linkedin.com/in/student104
105,Student_105,student105@example.com,9736587424,MECH,1,98,75,186,103,22,259,1263,5,4188,17986,930,No,16,415,97,27,https://github.com/student105,https://linkedin.com/in/student105
106,Student_106,student106@example.com,9216250118,IT,2,34,0,127,98,10,120,1966,2,1434,91469,1123,Yes,50,257,106,134,https://github.com/student106,https://linkedin.com/in/student106
107,Student_107,student107@example.com,9673972134,IT,3,68,6,53,28,20,195,1297,1,3215,98913,890,Yes,90,377,21,42,https://github.com/student107,https://linkedin.com/in/student107
108,Student_108,student108@example.com,9926631624,ECE,1,14,63,120,110,23,260,1309,2,3666,87911,1260,Yes,36,254,59,115,https://github.com/student108,https://linkedin.com/in/student108
109,Student_109,student109@example.com,9224460865,MECH,4,71,57,102,23,23,72,1296,1,2497,25821,2401,Yes,43,352,19,166,https://github.com/student109,https://linkedin.com/in/student109
110,Student_110,student110@example.com,9889593683,IT,4,88,40,41,127,30,73,884,4,200,31776,906,No,84,452,25,122,https://github.com/student110,https://linkedin.com/in/student110
111,Student_111,student111@example.com,9146089899,IT,1,13,95,124,183,37,275,2318,5,157,44561,1250,Yes,11,441,125,207,https://github.com/student111,https://linkedin.com/in/student111
112,Student_112,student112@example.com,9413832222,IT,3,43,51,60,162,33,218,1536,2,1425,17380,873,No,36,81,172,167,https://github.com/student112,https://linkedin.com/in/student112
113,Student_113,student113@example.com,9681731084,CIVIL,2,38,11,162,41,3,331,2494,3,3458,20400,2125,Yes,98,186,85,144,https://github.com/student113,https://linkedin.com/in/student113
114,Student_114,student114@example.com,9676611273,CIVIL,3,26,96,82,186,45,173,1922,3,3905,64877,1721,No,4,134,197,266,https://github.com/student114,https://linkedin.com/in/student114
115,Student_115,student115@example.com,9126829085,MECH,3,12,65,76,175,44,380,2013,3,3040,49547,1014,No,41,415,14,96,https://github.com/student115,https://linkedin.com/in/student115
116,Student_116,student116@example.com,9699592226,ECE,1,1,98,135,4,13,192,1513,1,3369,74382,1085,No,6,485,65,167,https://github.com/student116,https://linkedin.com/in/student116
117,Student_117,student117@example.com,9924823494,CIVIL,2,97,62,76,29,2,367,2352,2,4862,37139,2572,Yes,9,2,53,131,https://github.com/student117,https://linkedin.com/in/student117
118,Student_118,student118@example.com,9991059514,ECE,2,1,47,33,103,33,251,907,5,2986,59674,1621,No,37,234,19,135,https://github.com/student118,https://linkedin.com/in/student118
119,Student_119,student119@example.com,9895739861,CSE,4,50,68,172,87,50,370,986,4,3472,48837,1336,Yes,88,413,0,105,https://github.com/student119,https://linkedin.com/in/student119
120,Student_120,student120@example.com,9235342224,ECE,2,57,69,82,12,42,257,2212,1,1756,81105,1294,Yes,67,22,112,156,https://github.com/student120,https://linkedin.com/in/student120
121,Student_121,student121@example.com,9573339194,CIVIL,1,70,99,22,90,50,320,1237,5,4239,9932,1309,No,53,351,78,265,https://github.com/student121,https://linkedin.com/in/student121
122,Student_122,student122@example.com,9861404955,IT,1,78,35,76,48,33,40,1339,1,2641,33950,1284,No,11,288,148,160,https://github.com/student122,https://linkedin.com/in/student122
123,Student_123,student123@example.com,9380022757,CIVIL,4,10,94,0,175,3,7,2390,3,418,20904,2490,Yes,89,469,172,134,https://github.com/student123,https://linkedin.com/in/student123
124,Student_124,student124@example.com,9933252405,MECH,2,82,75,100,140,30,299,2358,5,153,62578,2246,No,16,462,48,118,https://github.com/student124,https://linkedin.com/in/student124
125,Student_125,student125@example.com,9370209528,ECE,4,22,0,25,109,11,271,1799,5,4689,94722,2350,No,2,263,34,191,https://github.com/student125,https://linkedin.com/in/student125
126,Student_126,student126@example.com,9157777565,CIVIL,4,97,56,148,136,20,325,1058,1,3598,46211,1728,No,55,106,133,183,https://github.com/student126,https://linkedin.com/in/student126
127,Student_127,student127@example.com,9665879200,ECE,3,96,57,104,78,37,119,916,4,3487,11509,1995,No,62,239,84,266,https://github.com/student127,https://linkedin.com/in/student127
128,Student_128,student128@example.com,9780717226,ECE,4,99,3,23,124,30,383,2082,2,4395,10659,1282,Yes,15,159,132,56,https://github.com/student128,https://linkedin.com/in/student128
129,Student_129,student129@example.com,9518913175,CIVIL,3,91,63,50,148,1,71,1018,4,3028,3493,1723,Yes,58,12,17,290,https://github.com/student129,https://linkedin.com/in/student129
130,Student_130,student130@example.com,9258924549,CIVIL,3,41,36,18,44,33,372,2219,3,1560,25284,1537,Yes,4,474,29,103,https://github.com/student130,https://linkedin.com/in/student130
131,Student_131,student131@example.com,9111049822,CSE,3,92,80,84,11,6,139,2071,2,1794,45465,1211,Yes,95,386,150,157,https://github.com/student131,https://linkedin.com/in/student131
132,Student_132,student132@example.com,9451997940,IT,2,38,22,20,156,46,21,2450,2,1084,70166,2134,Yes,87,339,155,166,https://github.com/student132,https://linkedin.com/in/student132
133,Student_133,student133@example.com,9854382831,IT,2,26,44,76,45,46,24,1831,1,3786,48683,1377,No,95,95,88,250,https://github.com/student133,https://linkedin.com/in/student133
134,Student_134,student134@example.com,9595499680,CSE,2,23,67,102,198,19,34,2423,4,4836,72162,2287,No,84,138,23,280,https://github.com/student134,https://linkedin.com/in/student134
135,Student_135,student135@example.com,9412456949,MECH,2,43,40,150,110,42,65,1037,2,842,87328,2110,Yes,16,498,165,253,https://github.com/student135,https://linkedin.com/in/student135
136,Student_136,student136@example.com,9341673933,CSE,4,6,46,72,109,3,181,1473,2,3460,7159,2084,Yes,92,438,188,44,https://github.com/student136,https://linkedin.com/in/student136
137,Student_137,student137@example.com,9295095534,IT,4,62,86,73,48,49,271,1056,3,1895,71103,1907,No,83,313,112,168,https://github.com/student137,https://linkedin.com/in/student137
138,Student_138,student138@example.com,9319147295,IT,4,36,67,179,170,5,3,1545,3,1315,1306,2057,No,30,487,126,103,https://github.com/student138,https://linkedin.com/in/student138
139,Student_139,student139@example.com,9628908733,MECH,3,24,74,50,86,39,97,1761,4,4796,87124,2300,No,93,5,122,220,https://github.com/student139,https://linkedin.com/in/student139
140,Student_140,student140@example.com,9698661295,CIVIL,2,1,81,77,108,8,220,1548,2,4732,42439,2505,Yes,77,287,164,299,https://github.com/student140,https://linkedin.com/in/student140
141,Student_141,student141@example.com,9432490145,MECH,1,17,80,111,124,46,329,1220,5,1900,52915,2270,No,98,57,67,256,https://github.com/student141,https://linkedin.com/in/student141
142,Student_142,student142@example.com,9171845829,CSE,2,95,23,154,140,33,106,2128,4,3883,98205,1091,No,78,180,83,66,https://github.com/student142,https://linkedin.com/in/student142
143,Student_143,student143@example.com,9471518351,CSE,4,73,12,171,36,9,119,1871,1,4168,92768,1671,No,18,432,16,248,https://github.com/student143,https://linkedin.com/in/student143
144,Student_144,student144@example.com,9799982636,CIVIL,3,76,9,155,102,42,139,1040,3,1467,73512,1153,No,8,107,18,54,https://github.com/student144,https://linkedin.com/in/student144
145,Student_145,student145@example.com,9730544660,CIVIL,1,49,28,102,97,24,134,1628,4,1425,19471,2338,Yes,34,135,194,147,https://github.com/student145,https://linkedin.com/in/student145
146,Student_146,student146@example.com,9481267995,MECH,3,12,90,170,114,1,110,1874,1,4399,99338,1342,Yes,43,314,135,216,https://github.com/student146,https://linkedin.com/in/student146
147,Student_147,student147@example.com,9592365080,MECH,4,77,33,161,136,45,29,2057,3,431,56046,2170,No,89,106,136,40,https://github.com/student147,https://linkedin.com/in/student147
148,Student_148,student148@example.com,9217202623,CSE,2,26,7,149,139,25,392,1806,2,4889,21310,1519,No,76,302,66,237,https://github.com/student148,https://linkedin.com/in/student148
149,Student_149,student149@example.com,9486175240,ECE,3,41,13,73,127,15,285,2492,2,4726,42968,2234,Yes,34,27,73,14,https://github.com/student149,https://linkedin.com/in/student149
150,Student_150,student150@example.com,9389723928,MECH,3,55,4,114,38,43,183,1260,5,3761,11783,1757,Yes,24,400,78,176,https://github.com/student150,https://linkedin.com/in/student150
151,Student_151,student151@example.com,9770499924,CSE,3,37,49,191,124,37,141,2122,4,3738,69438,1258,No,23,362,102,187,https://github.com/student151,https://linkedin.com/in/student151
152,Student_152,student152@example.com,9151984461,MECH,2,68,47,27,159,36,388,1200,3,4658,32728,1136,Yes,40,220,109,280,https://github.com/student152,https://linkedin.com/in/student152
153,Student_153,student153@example.com,9663533798,MECH,4,34,8,35,120,18,222,886,5,71,20863,1954,Yes,32,425,188,166,https://github.com/student153,https://linkedin.com/in/student153
154,Student_154,student154@example.com,9345355452,ECE,4,100,26,151,150,41,124,2314,3,3164,87074,1236,No,57,353,66,34,https://github.com/student154,https://linkedin.com/in/student154
155,Student_155,student155@example.com,9520571928,IT,2,31,38,180,41,46,383,1003,1,4168,55832,1074,No,22,220,140,296,https://github.com/student155,https://linkedin.com/in/student155
156,Student_156,student156@example.com,9102481814,MECH,3,90,89,1,180,27,30,1488,2,2296,88374,2135,No,85,289,98,222,https://github.com/student156,https://linkedin.com/in/student156
157,Student_157,student157@example.com,9739702236,CIVIL,4,60,13,104,93,23,344,1052,5,1924,92713,1715,No,99,127,46,57,https://github.com/student157,https://linkedin.com/in/student157
158,Student_158,student158@example.com,9184166693,MECH,3,21,71,110,105,49,133,1788,5,4762,27224,1446,No,74,5,64,71,https://github.com/student158,https://linkedin.com/in/student158
159,Student_159,student159@example.com,9278450272,IT,4,77,2,126,178,21,229,1419,2,3781,56801,1520,Yes,76,66,167,207,https://github.com/student159,https://linkedin.com/in/student159
160,Student_160,student160@example.com,9876853399,CSE,4,90,0,90,47,36,43,1868,5,3927,76689,1112,Yes,90,376,6,118,https://github.com/student160,https://linkedin.com/in/student160
161,Student_161,student161@example.com,9552141105,MECH,2,100,94,29,0,19,289,2430,1,2415,59949,1896,Yes,45,42,145,5,https://github.com/student161,https://linkedin.com/in/student161
162,Student_162,student162@example.com,9389801315,CSE,4,20,31,134,49,47,256,2259,4,3248,36787,1287,Yes,69,118,156,220,https://github.com/student162,https://linkedin.com/in/student162
163,Student_163,student163@example.com,9990406330,ECE,2,3,91,102,42,6,160,2226,2,3818,9181,2048,No,84,206,76,254,https://github.com/student163,https://linkedin.com/in/student163
164,Student_164,student164@example.com,9867025275,MECH,3,56,29,25,161,11,336,1477,4,1139,31597,810,Yes,4,319,165,96,https://github.com/student164,https://linkedin.com/in/student164
165,Student_165,student165@example.com,9652731550,MECH,3,8,37,10,82,17,70,1075,5,2582,42374,1997,No,90,66,16,53,https://github.com/student165,https://linkedin.com/in/student165
166,Student_166,student166@example.com,9878679733,CSE,4,99,15,13,103,20,188,2193,2,1091,71804,1715,No,72,338,4,3,https://github.com/student166,https://linkedin.com/in/student166
167,Student_167,student167@example.com,9510176450,IT,2,33,90,32,121,21,333,1200,3,4833,32131,2315,No,45,145,195,164,https://github.com/student167,https://linkedin.com/in/student167
168,Student_168,student168@example.com,9748841903,CIVIL,3,76,9,192,26,22,361,933,2,2410,58948,1447,No,31,300,191,119,https://github.com/student168,https://linkedin.com/in/student168
169,Student_169,student169@example.com,9136905664,ECE,4,3,1,193,13,43,269,2073,5,3076,5233,2243,No,14,216,184,288,https://github.com/student169,https://linkedin.com/in/student169
170,Student_170,student170@example.com,9626301790,IT,4,20,78,182,93,7,34,1619,1,3159,35148,987,No,34,121,61,242,https://github.com/student170,https://linkedin.com/in/student170
171,Student_171,student171@example.com,9804867229,IT,2,35,0,160,89,34,376,1132,5,3230,64821,2240,Yes,27,136,107,168,https://github.com/student171,https://linkedin.com/in/student171
172,Student_172,student172@example.com,9499913600,CIVIL,3,32,17,187,165,19,203,1752,4,4386,98676,978,Yes,52,413,153,176,https://github.com/student172,https://linkedin.com/in/student172
173,Student_173,student173@example.com,9279922311,MECH,1,78,88,32,77,36,230,2301,1,2029,93675,2280,No,68,178,108,90,https://github.com/student173,https://linkedin.com/in/student173
174,Student_174,student174@example.com,9892381877,CIVIL,2,52,6,109,190,27,88,2300,5,1567,91646,906,Yes,98,94,103,254,https://github.com/student174,https://linkedin.com/in/student174
175,Student_175,student175@example.com,9953618917,MECH,3,63,30,35,192,31,147,1562,1,626,15231,1144,No,37,124,158,132,https://github.com/student175,https://linkedin.com/in/student175
176,Student_176,student176@example.com,9141215233,CSE,4,52,27,16,5,27,64,2344,4,297,72990,1838,No,8,263,45,218,https://github.com/student176,https://linkedin.com/in/student176
177,Student_177,student177@example.com,9150177705,IT,1,65,75,74,95,28,396,1929,5,3915,92868,2193,Yes,90,487,169,107,https://github.com/student177,https://linkedin.com/in/student177
178,Student_178,student178@example.com,9158966882,ECE,2,28,31,148,31,6,59,865,5,4053,95150,2091,No,78,260,65,296,https://github.com/student178,https://linkedin.com/in/student178
179,Student_179,student179@example.com,9636903813,CSE,2,94,43,67,93,22,15,1800,1,2723,85115,1838,No,62,448,51,249,https://github.com/student179,https://linkedin.com/in/student179
180,Student_180,student180@example.com,9239585463,IT,3,84,53,189,108,42,386,1266,1,3246,64715,1745,Yes,71,427,186,42,https://github.com/student180,https://linkedin.com/in/student180
181,Student_181,student181@example.com,9143107861,CIVIL,1,56,56,21,149,42,215,1722,4,4744,23936,2227,No,96,168,163,127,https://github.com/student181,https://linkedin.com/in/student181
182,Student_182,student182@example.com,9979521463,IT,2,90,14,8,40,42,152,1370,3,703,44694,1386,No,63,27,29,40,https://github.com/student182,https://linkedin.com/in/student182
183,Student_183,student183@example.com,9921175941,CIVIL,2,41,44,89,11,18,343,2455,4,858,57362,1926,No,85,67,26,20,https://github.com/student183,https://linkedin.com/in/student183
184,Student_184,student184@example.com,9632070528,IT,2,1,11,28,178,20,115,1361,4,1330,98387,1503,No,94,197,174,193,https://github.com/student184,https://linkedin.com/in/student184
185,Student_185,student185@example.com,9637843558,CIVIL,2,48,35,67,139,14,7,837,3,895,36913,2593,Yes,82,489,181,77,https://github.com/student185,https://linkedin.com/in/student185
186,Student_186,student186@example.com,9124507401,CIVIL,1,40,58,138,75,47,28,1001,4,4880,90715,1062,No,62,144,172,192,https://github.com/student186,https://linkedin.com/in/student186
187,Student_187,student187@example.com,9406868106,CSE,3,74,49,29,145,13,7,1501,5,3636,31917,2505,Yes,42,33,155,287,https://github.com/student187,https://linkedin.com/in/student187
188,Student_188,student188@example.com,9346016637,CIVIL,4,64,54,60,59,33,388,836,1,4088,76132,2172,Yes,7,227,117,165,https://github.com/student188,https://linkedin.com/in/student188
189,Student_189,student189@example.com,9670138932,IT,3,61,8,182,16,23,118,2124,3,2752,93456,2391,No,13,202,197,21,https://github.com/student189,https://linkedin.com/in/student189
190,Student_190,student190@example.com,9746697372,IT,2,80,15,155,40,14,256,2284,1,2237,87086,2208,Yes,62,141,132,258,https://github.com/student190,https://linkedin.com/in/student190
191,Student_191,student191@example.com,9187266486,ECE,2,17,34,125,62,16,193,1917,3,3088,9609,2357,No,96,105,165,117,https://github.com/student191,https://linkedin.com/in/student191
192,Student_192,student192@example.com,9591490275,CIVIL,2,32,11,106,0,35,347,906,2,3577,65670,1555,Yes,65,75,152,22,https://github.com/student192,https://linkedin.com/in/student192
193,Student_193,student193@example.com,9317436694,CIVIL,3,3,48,171,99,38,246,1797,1,909,77255,999,Yes,21,381,108,17,https://github.com/student193,https://linkedin.com/in/student193
194,Student_194,student194@example.com,9647188267,ECE,4,96,89,2,50,10,216,1073,3,4950,2312,2170,Yes,90,238,114,179,https://github.com/student194,https://linkedin.com/in/student194
195,Student_195,student195@example.com,9224210914,CIVIL,3,48,23,163,170,37,295,2054,1,2248,77968,813,No,31,115,124,262,https://github.com/student195,https://linkedin.com/in/student195
196,Student_196,student196@example.com,9822423803,CIVIL,2,10,12,45,57,0,245,1085,1,4666,86969,1168,Yes,97,268,45,295,https://github.com/student196,https://linkedin.com/in/student196
197,Student_197,student197@example.com,9169205550,MECH,1,27,76,156,166,29,274,1391,1,4901,68377,1222,No,75,467,111,287,https://github.com/student197,https://linkedin.com/in/student197
198,Student_198,student198@example.com,9736486104,CIVIL,4,30,85,29,85,31,129,1444,2,2161,630,2011,Yes,1,37,121,288,https://github.com/student198,https://linkedin.com/in/student198
199,Student_199,student199@example.com,9528316083,IT,1,94,95,25,95,50,291,1376,5,4153,10481,1143,Yes,50,411,97,98,https://github.com/student199,https://linkedin.com/in/student199
200,Student_200,student200@example.com,9911279192,MECH,2,85,85,45,140,12,57,1414,3,4728,63593,807,Yes,12,312,164,238,https://github.com/student200,https://linkedin.com/in/student200
201,Student_201,student201@example.com,9261558087,CSE,3,47,76,51,189,48,282,2451,2,1950,66026,2424,Yes,40,416,150,139,https://github.com/student201,https://linkedin.com/in/student201
202,Student_202,student202@example.com,9373608137,ECE,2,63,7,27,68,7,320,1020,5,3334,88703,1841,Yes,10,320,75,4,https://github.com/student202,https://linkedin.com/in/student202
203,Student_203,student203@example.com,9181380792,MECH,2,52,53,29,1,37,61,1325,3,4923,19896,2474,Yes,5,252,104,122,https://github.com/student203,https://linkedin.com/in/student203
204,Student_204,student204@example.com,9336304807,IT,2,56,71,44,60,39,125,1145,3,3465,92931,941,No,6,332,156,74,https://github.com/student204,https://linkedin.com/in/student204
205,Student_205,student205@example.com,9232852992,ECE,2,2,0,60,0,40,3,1819,2,4212,59272,2071,Yes,97,236,104,167,https://github.com/student205,https://linkedin.com/in/student205
206,Student_206,student206@example.com,9617821486,CSE,2,5,45,80,84,13,380,2467,5,2684,76628,2218,Yes,59,209,50,53,https://github.com/student206,https://linkedin.com/in/student206
207,Student_207,student207@example.com,9229407468,CSE,4,17,2,64,66,30,229,2248,4,961,8440,955,No,39,64,80,108,https://github.com/student207,https://linkedin.com/in/student207
208,Student_208,student208@example.com,9121620205,CIVIL,2,38,80,24,160,2,179,2398,3,381,95038,1955,Yes,88,307,13,282,https://github.com/student208,https://linkedin.com/in/student208
209,Student_209,student209@example.com,9991708314,CIVIL,4,56,22,93,79,28,183,2026,1,3221,53362,1809,No,17,377,182,25,https://github.com/student209,https://linkedin.com/in/student209
210,Student_210,student210@example.com,9181808046,MECH,1,17,89,50,40,38,291,2392,5,56,68913,1513,Yes,63,443,15,104,https://github.com/student210,https://linkedin.com/in/student210
211,Student_211,student211@example.com,9866552117,ECE,4,36,35,115,96,28,41,2400,2,4861,51776,2483,No,100,249,162,296,https://github.com/student211,https://linkedin.com/in/student211
212,Student_212,student212@example.com,9619656196,MECH,2,29,81,134,1,23,128,1147,3,598,29055,2410,Yes,79,453,43,171,https://github.com/student212,https://linkedin.com/in/student212
213,Student_213,student213@example.com,9164450016,CIVIL,3,64,52,1,112,16,281,1313,4,3992,23691,1481,Yes,16,451,173,193,https://github.com/student213,https://linkedin.com/in/student213
214,Student_214,student214@example.com,9725583705,MECH,3,19,90,93,190,32,323,1831,5,1468,54954,1527,No,0,215,200,12,https://github.com/student214,https://linkedin.com/in/student214
215,Student_215,student215@example.com,9351133278,ECE,4,92,43,147,33,34,126,2108,3,2951,16947,2520,No,11,82,150,125,https://github.com/student215,https://linkedin.com/in/student215
216,Student_216,student216@example.com,9991131304,CSE,2,1,49,51,17,9,26,847,1,1478,11504,1971,Yes,60,37,163,100,https://github.com/student216,https://linkedin.com/in/student216
217,Student_217,student217@example.com,9731472202,CSE,2,31,86,133,119,0,124,1291,2,2707,69356,1415,No,72,371,200,0,https://github.com/student217,https://linkedin.com/in/student217
218,Student_218,student218@example.com,9162694292,CSE,1,85,36,87,185,5,287,1551,2,2315,24574,1802,No,82,457,158,15,https://github.com/student218,https://linkedin.com/in/student218
219,Student_219,student219@example.com,9261162249,ECE,4,79,44,68,150,3,50,1331,1,1024,66284,2078,No,43,75,95,26,https://github.com/student219,https://linkedin.com/in/student219
220,Student_220,student220@example.com,9309101383,ECE,4,49,79,162,143,48,57,2156,1,2829,91440,2266,No,72,88,86,205,https://github.com/student220,https://linkedin.com/in/student220
221,Student_221,student221@example.com,9123367284,IT,3,10,58,59,101,30,390,1439,2,4231,15881,2478,No,30,5,57,108,https://github.com/student221,https://linkedin.com/in/student221
222,Student_222,student222@example.com,9199961469,IT,3,73,95,101,158,50,319,1917,5,1315,13479,1713,No,54,168,65,116,https://github.com/student222,https://linkedin.com/in/student222
223,Student_223,student223@example.com,9258348512,CIVIL,2,27,48,169,85,0,0,1000,2,849,29483,2253,Yes,72,133,182,133,https://github.com/student223,https://linkedin.com/in/student223
224,Student_224,student224@example.com,9732541166,ECE,1,85,41,112,3,12,135,1530,2,1303,97692,836,No,16,67,133,40,https://github.com/student224,https://linkedin.com/in/student224
225,Student_225,student225@example.com,9838906919,CSE,4,32,69,93,186,24,203,1575,2,209,1760,1084,Yes,83,451,92,120,https://github.com/student225,https://linkedin.com/in/student225
226,Student_226,student226@example.com,9841550278,ECE,3,42,83,43,172,31,252,1863,4,1424,90360,2267,No,41,147,174,252,https://github.com/student226,https://linkedin.com/in/student226
227,Student_227,student227@example.com,9502411666,CSE,3,31,16,66,45,9,219,1479,4,3591,5195,1676,Yes,7,423,68,3,https://github.com/student227,https://linkedin.com/in/student227
228,Student_228,student228@example.com,9272392044,ECE,2,60,59,170,141,21,224,2281,5,55,83295,1326,Yes,67,155,9,20,https://github.com/student228,https://linkedin.com/in/student228
229,Student_229,student229@example.com,9822484469,IT,3,34,21,162,73,8,172,1816,4,904,23828,2257,Yes,48,246,92,291,https://github.com/student229,https://linkedin.com/in/student229
230,Student_230,student230@example.com,9151482190,ECE,3,38,86,52,138,25,50,1924,2,2821,55787,2407,Yes,64,297,192,152,https://github.com/student230,https://linkedin.com/in/student230
231,Student_231,student231@example.com,9875780638,CSE,4,68,77,60,78,48,289,1691,5,945,36168,1463,Yes,80,23,82,70,https://github.com/student231,https://linkedin.com/in/student231
232,Student_232,student232@example.com,9438073311,ECE,3,48,6,20,5,25,301,2105,3,2392,7915,1647,Yes,92,234,101,163,https://github.com/student232,https://linkedin.com/in/student232
233,Student_233,student233@example.com,9250629112,MECH,2,35,27,87,36,24,237,2104,1,1411,28060,2562,No,26,393,98,20,https://github.com/student233,https://linkedin.com/in/student233
234,Student_234,student234@example.com,9883310515,ECE,3,56,72,61,69,9,89,2078,3,3229,65798,956,No,3,82,124,210,https://github.com/student234,https://linkedin.com/in/student234
235,Student_235,student235@example.com,9137806073,CSE,1,97,37,72,46,20,297,1405,4,644,22592,1645,Yes,34,161,15,129,https://github.com/student235,https://linkedin.com/in/student235
236,Student_236,student236@example.com,9971823484,CSE,4,91,44,200,135,21,157,1099,4,103,78603,1169,Yes,27,178,177,284,https://github.com/student236,https://linkedin.com/in/student236
237,Student_237,student237@example.com,9847792252,CSE,4,73,54,172,75,27,383,2359,2,2331,28504,1380,No,99,401,71,29,https://github.com/student237,https://linkedin.com/in/student237
238,Student_238,student238@example.com,9534579400,MECH,4,10,7,82,81,38,105,2077,4,276,65076,2092,No,41,394,18,129,https://github.com/student238,https://linkedin.com/in/student238
239,Student_239,student239@example.com,9227946714,CIVIL,4,23,61,176,97,31,70,1593,2,11,67720,943,No,95,359,157,190,https://github.com/student239,https://linkedin.com/in/student239
240,Student_240,student240@example.com,9628514969,MECH,1,89,52,25,42,5,176,1795,3,2852,57327,1967,No,34,231,50,218,https://github.com/student240,https://linkedin.com/in/student240
241,Student_241,student241@example.com,9680597085,CSE,1,95,78,183,20,11,97,1261,3,373,65441,1471,Yes,42,201,198,266,https://github.com/student241,https://linkedin.com/in/student241
242,Student_242,student242@example.com,9247111042,IT,2,57,6,105,148,1,397,2370,2,1726,39997,1316,Yes,70,336,200,76,https://github.com/student242,https://linkedin.com/in/student242
243,Student_243,student243@example.com,9290613669,IT,4,18,15,76,39,14,275,1763,2,2055,4200,1260,Yes,63,345,71,164,https://github.com/student243,https://linkedin.com/in/student243
244,Student_244,student244@example.com,9307182171,CIVIL,2,12,52,40,124,45,356,2366,1,2068,94453,2538,Yes,9,185,180,88,https://github.com/student244,https://linkedin.com/in/student244
245,Student_245,student245@example.com,9147940874,ECE,2,66,48,23,183,48,294,1231,2,1593,1786,1640,Yes,14,380,200,180,https://github.com/student245,https://linkedin.com/in/student245
246,Student_246,student246@example.com,9734261729,MECH,4,67,19,74,166,41,87,1362,4,3257,80727,2443,No,33,386,52,204,https://github.com/student246,https://linkedin.com/in/student246
247,Student_247,student247@example.com,9931274177,IT,1,60,94,126,185,4,106,803,2,2130,24849,1457,Yes,30,269,95,53,https://github.com/student247,https://linkedin.com/in/student247
248,Student_248,student248@example.com,9372258866,IT,4,35,36,182,177,11,278,1878,3,3088,96433,2547,Yes,63,319,35,50,https://github.com/student248,https://linkedin.com/in/student248
249,Student_249,student249@example.com,9659793112,CIVIL,3,59,62,113,70,24,109,2482,3,3789,65232,1265,Yes,87,44,117,2,https://github.com/student249,https://linkedin.com/in/student249
250,Student_250,student250@example.com,9107535869,CSE,4,18,94,26,4,45,151,2224,2,3334,66931,1934,Yes,59,66,48,235,https://github.com/student250,https://linkedin.com/in/student250
251,Student_251,student251@example.com,9126418459,MECH,4,10,1,145,184,22,341,1258,3,4140,45969,1031,No,60,365,113,47,https://github.com/student251,https://linkedin.com/in/student251
252,Student_252,student252@example.com,9650704244,ECE,3,77,62,17,31,26,161,1314,4,532,70179,1474,No,40,192,76,90,https://github.com/student252,https://linkedin.com/in/student252
253,Student_253,student253@example.com,9394102660,ECE,1,74,34,15,144,26,69,2339,5,371,5079,1559,Yes,65,3,36,60,https://github.com/student253,https://linkedin.com/in/student253
254,Student_254,student254@example.com,9193176904,MECH,3,91,85,153,61,26,10,1874,1,1272,74836,1192,No,89,318,89,49,https://github.com/student254,https://linkedin.com/in/student254
255,Student_255,student255@example.com,9578532944,CIVIL,2,85,3,195,166,36,353,1387,3,359,77008,2573,Yes,99,207,28,118,https://github.com/student255,https://linkedin.com/in/student255
256,Student_256,student256@example.com,9114551671,ECE,2,40,40,97,39,18,269,1181,1,1610,61980,2066,No,63,376,35,168,https://github.com/student256,https://linkedin.com/in/student256
257,Student_257,student257@example.com,9538236092,CIVIL,1,19,98,160,60,9,69,2077,3,1399,71097,1862,Yes,19,114,129,223,https://github.com/student257,https://linkedin.com/in/student257
258,Student_258,student258@example.com,9753389948,CSE,3,19,34,91,6,23,378,2491,1,3181,75281,2084,Yes,56,267,152,84,https://github.com/student258,https://linkedin.com/in/student258
259,Student_259,student259@example.com,9926726171,ECE,2,52,63,90,114,0,390,814,4,1156,43882,999,Yes,3,37,186,108,https://github.com/student259,https://linkedin.com/in/student259
260,Student_260,student260@example.com,9619312872,CSE,1,86,33,82,105,41,197,816,3,3622,2217,1623,Yes,30,496,58,178,https://github.com/student260,https://linkedin.com/in/student260
261,Student_261,student261@example.com,9393401173,MECH,4,9,65,194,36,6,25,1996,3,1211,54742,1041,Yes,26,351,79,87,https://github.com/student261,https://linkedin.com/in/student261
262,Student_262,student262@example.com,9610644309,CSE,3,8,27,13,157,15,62,2174,4,3507,56616,2483,Yes,26,491,92,80,https://github.com/student262,https://linkedin.com/in/student262
263,Student_263,student263@example.com,9811045044,ECE,1,22,20,19,119,47,342,1814,5,1315,96478,1080,Yes,19,284,28,32,https://github.com/student263,https://linkedin.com/in/student263
264,Student_264,student264@example.com,9253901058,IT,2,76,65,82,151,5,21,1806,2,4369,7325,1211,Yes,36,92,8,24,https://github.com/student264,https://linkedin.com/in/student264
265,Student_265,student265@example.com,9328577138,CSE,4,53,91,60,94,34,350,2015,1,1527,69051,2352,No,72,128,81,196,https://github.com/student265,https://linkedin.com/in/student265
266,Student_266,student266@example.com,9471619814,CIVIL,1,25,73,25,143,48,201,857,5,316,48831,1445,No,23,330,150,84,https://github.com/student266,https://linkedin.com/in/student266
267,Student_267,student267@example.com,9664795254,IT,4,46,67,143,114,14,87,912,2,4113,61400,2158,Yes,79,191,199,180,https://github.com/student267,https://linkedin.com/in/student267
268,Student_268,student268@example.com,9187221438,CIVIL,1,3,21,4,188,14,370,1016,3,3352,92340,1018,Yes,80,23,88,71,https://github.com/student268,https://linkedin.com/in/student268
269,Student_269,student269@example.com,9164538279,CIVIL,3,83,73,128,14,34,130,1697,4,4825,6105,2569,No,36,124,140,167,https://github.com/student269,https://linkedin.com/in/student269
270,Student_270,student270@example.com,9530683146,CSE,2,95,48,96,52,38,100,1905,2,1089,6795,972,No,38,26,11,194,https://github.com/student270,https://linkedin.com/in/student270
271,Student_271,student271@example.com,9322233591,ECE,1,87,77,188,44,28,0,2423,2,4844,63217,2595,No,18,269,25,13,https://github.com/student271,https://linkedin.com/in/student271
272,Student_272,student272@example.com,9843374215,MECH,3,7,82,175,104,3,95,1340,5,4793,41754,2253,No,71,387,152,241,https://github.com/student272,https://linkedin.com/in/student272
273,Student_273,student273@example.com,9690032110,ECE,3,25,84,4,65,40,176,1067,1,4678,56215,1104,No,84,145,81,257,https://github.com/student273,https://linkedin.com/in/student273
274,Student_274,student274@example.com,9135881285,ECE,4,73,46,155,114,17,287,1238,4,4063,32232,2160,Yes,56,89,127,224,https://github.com/student274,https://linkedin.com/in/student274
275,Student_275,student275@example.com,9242626248,CIVIL,4,21,86,166,185,47,341,1364,2,3506,89688,2375,Yes,20,273,60,124,https://github.com/student275,https://linkedin.com/in/student275
276,Student_276,student276@example.com,9754360138,CIVIL,3,53,80,72,54,36,106,2053,4,4608,45127,934,Yes,70,467,167,91,https://github.com/student276,https://linkedin.com/in/student276
277,Student_277,student277@example.com,9841765385,MECH,1,51,36,157,164,45,28,1777,3,758,87642,1555,No,31,436,29,166,https://github.com/student277,https://linkedin.com/in/student277
278,Student_278,student278@example.com,9447823007,CIVIL,4,32,70,18,197,5,357,943,3,3284,78854,1734,Yes,56,438,131,194,https://github.com/student278,https://linkedin.com/in/student278
279,Student_279,student279@example.com,9796365926,IT,3,35,0,132,113,40,280,1971,5,87,80116,878,Yes,72,417,187,79,https://github.com/student279,https://linkedin.com/in/student279
280,Student_280,student280@example.com,9606188145,IT,1,4,100,71,39,37,145,1533,5,426,57970,1753,Yes,41,283,168,225,https://github.com/student280,https://linkedin.com/in/student280
281,Student_281,student281@example.com,9647324138,IT,4,47,8,134,158,12,46,2439,4,2588,48270,1143,No,62,494,26,298,https://github.com/student281,https://linkedin.com/in/student281
282,Student_282,student282@example.com,9994434566,ECE,4,4,97,39,148,27,160,1303,5,4734,28165,1077,Yes,68,93,94,250,https://github.com/student282,https://linkedin.com/in/student282
283,Student_283,student283@example.com,9544451342,ECE,4,46,35,146,179,24,375,1325,3,1249,27883,1944,Yes,87,267,151,128,https://github.com/student283,https://linkedin.com/in/student283
284,Student_284,student284@example.com,9444784185,CIVIL,2,60,33,123,45,23,40,1495,1,4435,33530,2367,No,27,394,135,249,https://github.com/student284,https://linkedin.com/in/student284
285,Student_285,student285@example.com,9893462641,ECE,1,63,2,136,1,28,285,1521,3,4397,25061,2023,No,14,251,161,4,https://github.com/student285,https://linkedin.com/in/student285
286,Student_286,student286@example.com,9798332452,IT,4,43,27,102,41,36,11,1645,1,2301,26710,1050,Yes,84,370,93,231,https://github.com/student286,https://linkedin.com/in/student286
287,Student_287,student287@example.com,9463151208,MECH,2,42,11,67,37,21,46,1454,2,3823,57226,1068,No,2,118,53,192,https://github.com/student287,https://linkedin.com/in/student287
288,Student_288,student288@example.com,9445621706,MECH,3,42,56,167,67,50,253,1780,4,609,54983,2012,Yes,68,190,128,5,https://github.com/student288,https://linkedin.com/in/student288
289,Student_289,student289@example.com,9115229029,CIVIL,3,22,59,197,48,31,185,1371,1,2601,81049,936,No,78,135,11,240,https://github.com/student289,https://linkedin.com/in/student289
290,Student_290,student290@example.com,9514883359,MECH,3,85,52,185,24,9,194,1080,1,1910,75286,2114,No,90,212,63,79,https://github.com/student290,https://linkedin.com/in/student290
291,Student_291,student291@example.com,9424817735,MECH,2,16,2,69,2,49,136,1338,3,4945,40956,1391,No,51,486,85,32,https://github.com/student291,https://linkedin.com/in/student291
292,Student_292,student292@example.com,9359934519,CSE,3,54,83,108,88,8,330,1551,3,2426,96632,896,Yes,68,338,151,230,https://github.com/student292,https://linkedin.com/in/student292
293,Student_293,student293@example.com,9681968529,IT,2,67,77,186,110,17,395,2124,5,4764,40527,1529,No,59,345,146,31,https://github.com/student293,https://linkedin.com/in/student293
294,Student_294,student294@example.com,9468599825,ECE,3,95,43,155,81,10,157,1655,1,2768,6530,2339,No,24,134,55,140,https://github.com/student294,https://linkedin.com/in/student294
295,Student_295,student295@example.com,9190658928,CSE,3,77,29,5,142,7,309,1099,4,2303,68799,999,Yes,31,329,58,40,https://github.com/student295,https://linkedin.com/in/student295
296,Student_296,student296@example.com,9793595789,MECH,4,61,19,117,43,14,73,1538,5,2322,18122,803,No,65,219,157,264,https://github.com/student296,https://linkedin.com/in/student296
297,Student_297,student297@example.com,9276595037,MECH,1,76,49,128,11,22,373,1591,1,3339,18874,1024,Yes,76,147,169,192,https://github.com/student297,https://linkedin.com/in/student297
298,Student_298,student298@example.com,9870057568,ECE,3,78,6,119,111,34,359,1179,5,67,50302,2532,Yes,88,74,59,114,https://github.com/student298,https://linkedin.com/in/student298
299,Student_299,student299@example.com,9396475936,MECH,1,52,79,147,62,0,178,1873,3,1559,17550,2537,Yes,90,434,111,15,https://github.com/student299,https://linkedin.com/in/student299
300,Student_300,student300@example.com,9276659846,CIVIL,3,91,86,2,147,31,224,849,3,1511,30864,1715,No,85,172,33,174,https://github.com/student300,https://linkedin.com/in/student300
